"Time","Vd"
0,-8.66025403846568
0.0012500000000002,-9.91444861390035
0.00250000000000039,-9.65925826256887
0.00375000000000059,-7.93353340215516
0.00500000000000078,-4.9999999989205
0.00625000000000098,-1.30526192096427
0.00750000000000117,2.58819045223003
0.00875000000000137,6.08761429107711
0.0100000000000016,8.66025403846846
0.0112500000000018,9.91444861390107
0.012500000000002,9.65925826256742
0.0137500000000021,7.93353340215177
0.0150000000000023,4.99999999891567
0.0162500000000025,1.30526192095874
0.0175000000000027,-2.58819045223323
0.0187500000000029,-6.08761429107973
0.0200000000000031,-8.66025403847012
0.0212500000000033,-9.9144486139018
0.0225000000000035,-9.65925826256598
0.0237500000000037,-7.93353340214837
0.0250000000000039,-4.99999999891281
0.0262500000000041,-1.30526192095546
0.0275000000000043,2.58819045223861
0.0287500000000045,6.08761429108415
0.0300000000000047,8.6602540384729
0.0312500000000049,9.91444861390253
0.0325000000000051,9.65925826256454
0.0337500000000053,7.93353340214498
0.0350000000000055,4.99999999890798
0.0362500000000057,1.30526192095219
0.0375000000000059,-2.588190452244
0.0387500000000061,-6.08761429108857
0.0400000000000063,-8.66025403847569
0.0412500000000064,-9.91444861390296
0.0425000000000066,-9.65925826256368
0.0437500000000068,-7.93353340214297
0.045000000000007,-4.99999999890512
0.0462500000000072,-1.30526192094666
0.0475000000000074,2.58819045224938
0.0487500000000076,6.087614291093
0.0500000000000078,8.66025403847848
0.051250000000008,9.91444861390369
0.0525000000000082,9.65925826256224
0.0537500000000084,7.93353340213957
0.0550000000000086,4.99999999890029
0.0562500000000088,1.30526192094113
0.057500000000009,-2.58819045225257
0.0587500000000092,-6.08761429109742
0.0600000000000094,-8.66025403848127
0.0612500000000096,-9.91444861390412
0.0625000000000098,-9.65925826256138
0.06375000000001,-7.93353340213618
0.0650000000000102,-4.99999999889546
0.0662500000000104,-1.3052619209356
0.0675000000000106,2.58819045225796
0.0687500000000107,6.08761429110004
0.0700000000000109,8.66025403848292
0.0712500000000111,9.91444861390485
0.0725000000000113,9.65925826255994
0.0737500000000115,7.93353340213417
0.0750000000000117,4.99999999889063
0.0762500000000119,1.30526192093007
0.0775000000000121,-2.58819045226335
0.0787500000000123,-6.08761429110266
0.0800000000000125,-8.66025403848571
0.0812500000000127,-9.91444861390558
0.0825000000000129,-9.6592582625585
0.0837500000000131,-7.93353340213077
0.0850000000000133,-4.9999999988858
0.0862500000000135,-1.3052619209268
0.0875000000000137,2.58819045226654
0.0887500000000139,6.08761429110709
0.0900000000000141,8.66025403848736
0.0912500000000143,9.91444861390631
0.0925000000000145,9.65925826255705
0.0937500000000147,7.93353340212738
0.0950000000000149,4.99999999888294
0.096250000000015,1.30526192092127
0.0975000000000152,-2.58819045227192
0.0987500000000154,-6.08761429111151
0.100000000000016,-8.66025403849015
0.101250000000016,-9.91444861390703
0.102500000000016,-9.65925826255561
0.103750000000016,-7.93353340212398
0.105000000000016,-4.99999999888008
0.106250000000017,-1.30526192091574
0.107500000000017,2.58819045227731
0.108750000000017,6.08761429111594
0.110000000000017,8.66025403849294
0.111250000000017,9.91444861390746
0.112500000000018,9.65925826255475
0.113750000000018,7.93353340212197
0.115000000000018,4.99999999887525
0.116250000000018,1.30526192091247
0.117500000000018,-2.5881904522827
0.118750000000019,-6.08761429112036
0.120000000000019,-8.66025403849572
0.121250000000019,-9.91444861390819
0.122500000000019,-9.65925826255331
0.123750000000019,-7.93353340211858
0.12500000000002,-4.99999999887042
0.12625000000002,-1.30526192090694
0.12750000000002,2.58819045228589
0.12875000000002,6.08761429112478
0.13000000000002,8.66025403849738
0.131250000000021,9.91444861390862
0.132500000000021,9.65925826255246
0.133750000000021,7.93353340211518
0.135000000000021,4.99999999886559
0.136250000000021,1.30526192090141
0.137500000000021,-2.58819045229127
0.138750000000022,-6.0876142911274
0.140000000000022,-8.66025403850016
0.141250000000022,-9.91444861390935
0.142500000000022,-9.65925826255101
0.143750000000022,-7.93353340211179
0.145000000000023,-4.99999999886076
0.146250000000023,-1.30526192089588
0.147500000000023,2.58819045229446
0.148750000000023,6.08761429113002
0.150000000000023,8.66025403850295
0.151250000000024,9.91444861391008
0.152500000000024,9.65925826254957
0.153750000000024,7.93353340210978
0.155000000000024,4.9999999988579
0.156250000000024,1.30526192089261
0.157500000000025,-2.58819045229985
0.158750000000025,-6.08761429113445
0.160000000000025,-8.66025403850574
0.161250000000025,-9.91444861391081
0.162500000000025,-9.65925826254813
0.163750000000026,-7.93353340210638
0.165000000000026,-4.99999999885504
0.166250000000026,-1.30526192088708
0.167500000000025,2.58819045230304
0.168750000000024,6.08761429113346
0.170000000000023,8.66025403850171
0.171250000000021,9.91444861390946
0.17250000000002,9.65925826255198
0.173750000000019,7.93353340211822
0.175000000000018,4.99999999887187
0.176250000000017,1.30526192091311
0.177500000000016,-2.58819045227548
0.178750000000015,-6.08761429111083
0.180000000000013,-8.66025403848744
0.181250000000012,-9.91444861390573
0.182500000000011,-9.65925826255937
0.18375000000001,-7.93353340213558
0.185000000000009,-4.99999999889658
0.186250000000008,-1.30526192094139
0.187500000000007,2.58819045224573
0.188750000000006,6.08761429108819
0.190000000000004,8.66025403847318
0.191250000000003,9.91444861390201
0.192500000000002,9.65925826256675
0.193750000000001,7.93353340215295
0.195,4.99999999892129
0.196249999999999,1.30526192096968
0.197499999999998,-2.58819045221817
0.198749999999996,-6.08761429106556
0.199999999999995,-8.66025403845891
0.201249999999994,-9.91444861389799
0.202499999999993,-9.65925826257413
0.203749999999992,-7.93353340217032
0.204999999999991,-4.99999999894599
0.20624999999999,-1.30526192099797
0.207499999999988,2.58819045219062
0.208749999999987,6.08761429104293
0.209999999999986,8.66025403844465
0.211249999999985,9.91444861389427
0.212499999999984,9.65925826258152
0.213749999999983,7.93353340218769
0.214999999999982,4.99999999897267
0.216249999999981,1.30526192102625
0.217499999999979,-2.58819045216306
0.218749999999978,-6.08761429102029
0.219999999999977,-8.66025403843038
0.221249999999976,-9.91444861389054
0.222499999999975,-9.6592582625889
0.223749999999974,-7.93353340220505
0.224999999999973,-4.99999999899738
0.226249999999971,-1.30526192105454
0.22749999999997,2.5881904521355
0.228749999999969,6.08761429099766
0.229999999999968,8.66025403841612
0.231249999999967,9.91444861388682
0.232499999999966,9.65925826259628
0.233749999999965,7.93353340222242
0.234999999999963,4.99999999902208
0.236249999999962,1.30526192108282
0.237499999999961,-2.58819045210794
0.23874999999996,-6.08761429097502
0.239999999999959,-8.66025403840185
0.241249999999958,-9.91444861388309
0.242499999999957,-9.65925826260367
0.243749999999956,-7.93353340223979
0.244999999999954,-4.99999999904679
0.246249999999953,-1.30526192111111
0.247499999999952,2.58819045208039
0.248749999999951,6.08761429095239
0.24999999999995,8.66025403838759
0.251249999999949,9.91444861387937
0.252499999999948,9.65925826261105
0.253749999999946,7.93353340225716
0.254999999999945,4.9999999990715
0.256249999999944,1.30526192113939
0.257499999999943,-2.58819045205502
0.258749999999942,-6.08761429092976
0.259999999999941,-8.66025403837332
0.26124999999994,-9.91444861387565
0.262499999999938,-9.65925826261844
0.263749999999937,-7.93353340227452
0.264999999999936,-4.99999999909621
0.266249999999935,-1.30526192116768
0.267499999999934,2.58819045202747
0.268749999999933,6.08761429090712
0.269999999999932,8.66025403835906
0.27124999999993,9.91444861387192
0.272499999999929,9.65925826262582
0.273749999999928,7.93353340229189
0.274999999999927,4.99999999912091
0.276249999999926,1.30526192119596
0.277499999999925,-2.58819045199991
0.278749999999924,-6.08761429088449
0.279999999999923,-8.66025403834479
0.281249999999921,-9.9144486138682
0.28249999999992,-9.65925826263321
0.283749999999919,-7.93353340230926
0.284999999999918,-4.99999999914562
0.286249999999917,-1.30526192122425
0.287499999999916,2.58819045197235
0.288749999999915,6.08761429086005
0.289999999999913,8.66025403833053
0.291249999999912,9.91444861386447
0.292499999999911,9.65925826264059
0.29374999999991,7.93353340232663
0.294999999999909,4.99999999917033
0.296249999999908,1.30526192125253
0.297499999999907,-2.5881904519448
0.298749999999905,-6.08761429083742
0.299999999999904,-8.66025403831627
0.301249999999903,-9.91444861386075
0.302499999999902,-9.65925826264856
0.303749999999901,-7.933533402344
0.3049999999999,-4.99999999919504
0.306249999999899,-1.30526192128082
0.307499999999898,2.58819045191724
0.308749999999896,6.08761429081478
0.309999999999895,8.660254038302
0.311249999999894,9.91444861385703
0.312499999999893,9.65925826265594
0.313749999999892,7.93353340236136
0.314999999999891,4.99999999921974
0.31624999999989,1.30526192131136
0.317499999999888,-2.58819045188968
0.318749999999887,-6.08761429079215
0.319999999999886,-8.66025403828774
0.321249999999885,-9.9144486138533
0.322499999999884,-9.65925826266333
0.323749999999883,-7.93353340237873
0.324999999999882,-4.99999999924445
0.32624999999988,-1.30526192133964
0.327499999999879,2.58819045186212
0.328749999999878,6.08761429076951
0.329999999999877,8.66025403827347
0.331249999999876,9.91444861384958
0.332499999999875,9.65925826267071
0.333749999999874,7.9335334023961
0.334999999999873,4.99999999926916
0.336249999999871,1.30526192136793
0.33749999999987,-2.58819045183457
0.338749999999869,-6.08761429074868
0.339999999999868,-8.66025403825921
0.341249999999867,-9.91444861384585
0.342499999999866,-9.6592582626781
0.343749999999865,-7.93353340241347
0.344999999999863,-4.99999999929386
0.346249999999862,-1.30526192139622
0.347499999999861,2.58819045180701
0.34874999999986,6.08761429072605
0.349999999999859,8.66025403824494
0.351249999999858,9.91444861384213
0.352499999999857,9.65925826268548
0.353749999999855,7.93353340243083
0.354999999999854,4.99999999931857
0.356249999999853,1.3052619214245
0.357499999999852,-2.58819045177945
0.358749999999851,-6.08761429070342
0.35999999999985,-8.66025403823068
0.361249999999849,-9.91444861383841
0.362499999999848,-9.65925826269286
0.363749999999846,-7.9335334024482
0.364999999999845,-4.99999999934328
0.366249999999844,-1.30526192145279
0.367499999999843,2.58819045175189
0.368749999999842,6.08761429068078
0.369999999999841,8.66025403821641
0.37124999999984,9.91444861383468
0.372499999999838,9.65925826270025
0.373749999999837,7.93353340246557
0.374999999999836,4.99999999936799
0.376249999999835,1.30526192148107
0.377499999999834,-2.58819045172434
0.378749999999833,-6.08761429065815
0.379999999999832,-8.66025403820215
0.38124999999983,-9.91444861383096
0.382499999999829,-9.65925826270763
0.383749999999828,-7.93353340248294
0.384999999999827,-4.99999999939269
0.386249999999826,-1.30526192150936
0.387499999999825,2.58819045169678
0.388749999999824,6.08761429063551
0.389999999999822,8.66025403818788
0.391249999999821,9.91444861382723
0.39249999999982,9.65925826271502
0.393749999999819,7.9335334025003
0.394999999999818,4.9999999994174
0.396249999999817,1.30526192153764
0.397499999999816,-2.58819045166922
0.398749999999815,-6.08761429061288
0.399999999999813,-8.66025403817362
0.401249999999812,-9.91444861382351
0.402499999999811,-9.6592582627224
0.40374999999981,-7.93353340251767
0.404999999999809,-4.99999999944211
0.406249999999808,-1.30526192156593
0.407499999999807,2.58819045164166
0.408749999999805,6.08761429059025
0.409999999999804,8.66025403815822
0.411249999999803,9.91444861381979
0.412499999999802,9.65925826272978
0.413749999999801,7.93353340253504
0.4149999999998,4.99999999946682
0.416249999999799,1.30526192159421
0.417499999999797,-2.58819045161411
0.418749999999796,-6.08761429056761
0.419999999999795,-8.66025403814509
0.421249999999794,-9.91444861381606
0.422499999999793,-9.65925826273717
0.423749999999792,-7.93353340255379
0.424999999999791,-4.99999999949152
0.42624999999979,-1.3052619216225
0.427499999999788,2.58819045158655
0.428749999999787,6.08761429054498
0.429999999999786,8.66025403813082
0.431249999999785,9.91444861381234
0.432499999999784,9.65925826274455
0.433749999999783,7.93353340257116
0.434999999999782,4.99999999951623
0.43624999999978,1.30526192165078
0.437499999999779,-2.5881904515568
0.438749999999778,-6.08761429052234
0.439999999999777,-8.66025403811656
0.441249999999776,-9.91444861380861
0.442499999999775,-9.65925826275194
0.443749999999774,-7.93353340258853
0.444999999999772,-4.99999999954094
0.446249999999771,-1.30526192167907
0.44749999999977,2.58819045152924
0.448749999999769,6.08761429049971
0.449999999999768,8.66025403810229
0.451249999999767,9.91444861380489
0.452499999999766,9.65925826275932
0.453749999999765,7.93353340260589
0.454999999999763,4.99999999956564
0.456249999999762,1.30526192170736
0.457499999999761,-2.58819045150168
0.45874999999976,-6.08761429047708
0.459999999999759,-8.66025403808803
0.461249999999758,-9.91444861380117
0.462499999999757,-9.6592582627667
0.463749999999755,-7.93353340262326
0.464999999999754,-4.99999999959035
0.466249999999753,-1.30526192173564
0.467499999999752,2.58819045147412
0.468749999999751,6.08761429045444
0.46999999999975,8.66025403807376
0.471249999999749,9.91444861379744
0.472499999999747,9.65925826277409
0.473749999999746,7.93353340264063
0.474999999999745,4.99999999961506
0.476249999999744,1.30526192176393
0.477499999999743,-2.58819045144657
0.478749999999742,-6.08761429043181
0.479999999999741,-8.6602540380595
0.48124999999974,-9.91444861379372
0.482499999999738,-9.65925826278147
0.483749999999737,-7.933533402658
0.484999999999736,-4.99999999963977
0.486249999999735,-1.30526192179221
0.487499999999734,2.58819045141901
0.488749999999733,6.08761429040917
0.489999999999732,8.66025403804523
0.49124999999973,9.91444861379
0.492499999999729,9.65925826278886
0.493749999999728,7.93353340267536
0.494999999999727,4.99999999966447
0.496249999999726,1.3052619218205
0.497499999999725,-2.58819045139145
0.498749999999724,-6.08761429038654
0.499999999999722,-8.66025403803097
0.501249999999721,-9.91444861378627
0.50249999999972,-9.65925826279624
0.503749999999719,-7.93353340269273
0.504999999999718,-4.99999999968918
0.506249999999717,-1.30526192184878
0.507499999999716,2.58819045136389
0.508749999999714,6.08761429036391
0.509999999999713,8.66025403801671
0.511249999999712,9.91444861378255
0.512499999999711,9.65925826280362
0.51374999999971,7.9335334027101
0.514999999999709,4.99999999971389
0.516249999999708,1.30526192187707
0.517499999999707,-2.58819045133634
0.518749999999705,-6.08761429034127
0.519999999999704,-8.66025403800244
0.521249999999703,-9.91444861377883
0.522499999999702,-9.65925826281101
0.523749999999701,-7.93353340272747
0.5249999999997,-4.99999999974056
0.526249999999699,-1.30526192190535
0.527499999999697,2.58819045130878
0.528749999999696,6.08761429031864
0.529999999999695,8.66025403798817
0.531249999999694,9.9144486137751
0.532499999999693,9.65925826281839
0.533749999999692,7.93353340274484
0.534999999999691,4.99999999976527
0.536249999999689,1.30526192193364
0.537499999999688,-2.58819045128122
0.538749999999687,-6.0876142902942
0.539999999999686,-8.66025403797391
0.541249999999685,-9.91444861377138
0.542499999999684,-9.65925826282578
0.543749999999683,-7.9335334027622
0.544999999999682,-4.99999999978998
0.54624999999968,-1.30526192196192
0.547499999999679,2.58819045125366
0.548749999999678,6.08761429027157
0.549999999999677,8.66025403795965
0.551249999999676,9.91444861376765
0.552499999999675,9.65925826283316
0.553749999999674,7.93353340277957
0.554999999999672,4.99999999981469
0.556249999999671,1.30526192199021
0.55749999999967,-2.58819045122611
0.558749999999669,-6.08761429024893
0.559999999999668,-8.66025403794538
0.561249999999667,-9.91444861376393
0.562499999999666,-9.65925826284055
0.563749999999664,-7.93353340279694
0.564999999999663,-4.99999999983939
0.566249999999662,-1.3052619220185
0.567499999999661,2.58819045119855
0.56874999999966,6.0876142902263
0.569999999999659,8.66025403793112
0.571249999999658,9.91444861376021
0.572499999999657,9.65925826284793
0.573749999999655,7.93353340281431
0.574999999999654,4.9999999998641
0.576249999999653,1.30526192204678
0.577499999999652,-2.58819045117099
0.578749999999651,-6.08761429020366
0.57999999999965,-8.66025403791685
0.581249999999649,-9.91444861375648
0.582499999999647,-9.65925826285531
0.583749999999646,-7.93353340283167
0.584999999999645,-4.99999999988881
0.586249999999644,-1.30526192207507
0.587499999999643,2.58819045114343
0.588749999999642,6.08761429018103
0.589999999999641,8.66025403790259
0.591249999999639,9.91444861375276
0.592499999999638,9.6592582628627
0.593749999999637,7.93353340284904
0.594999999999636,4.99999999991352
0.596249999999635,1.30526192210335
0.597499999999634,-2.58819045111588
0.598749999999633,-6.0876142901584
0.599999999999631,-8.66025403788832
0.60124999999963,-9.91444861374903
0.602499999999629,-9.65925826287008
0.603749999999628,-7.93353340286641
0.604999999999627,-4.99999999993822
0.606249999999626,-1.30526192213164
0.607499999999625,2.58819045108832
0.608749999999624,6.08761429013576
0.609999999999622,8.66025403787406
0.611249999999621,9.91444861374531
0.61249999999962,9.65925826287746
0.613749999999619,7.93353340288378
0.614999999999618,4.99999999996293
0.616249999999617,1.30526192215992
0.617499999999616,-2.58819045106076
0.618749999999614,-6.08761429011313
0.619999999999613,-8.66025403785979
0.621249999999612,-9.91444861374159
0.622499999999611,-9.65925826288485
0.62374999999961,-7.93353340290115
0.624999999999609,-4.99999999998764
0.626249999999608,-1.30526192218821
0.627499999999606,2.58819045103321
0.628749999999605,6.0876142900905
0.629999999999604,8.66025403784553
0.631249999999603,9.91444861373786
0.632499999999602,9.65925826289223
0.633749999999601,7.93353340291851
0.6349999999996,5.00000000001234
0.636249999999599,1.30526192221649
0.637499999999597,-2.58819045100565
0.638749999999596,-6.08761429006786
0.639999999999595,-8.66025403783126
0.641249999999594,-9.91444861373414
0.642499999999593,-9.65925826289962
0.643749999999592,-7.93353340293588
0.644999999999591,-5.00000000003705
0.646249999999589,-1.30526192224703
0.647499999999588,2.58819045097809
0.648749999999587,6.08761429004523
0.649999999999586,8.660254037817
0.651249999999585,9.91444861373041
0.652499999999584,9.659258262907
0.653749999999583,7.93353340295325
0.654999999999581,5.00000000006176
0.65624999999958,1.30526192227532
0.657499999999579,-2.58819045095053
0.658749999999578,-6.08761429002259
0.659999999999577,-8.6602540378016
0.661249999999576,-9.91444861372669
0.662499999999575,-9.65925826291438
0.663749999999574,-7.93353340296923
0.664999999999572,-5.00000000008647
0.666249999999571,-1.3052619223036
0.66749999999957,2.58819045092298
0.668749999999569,6.08761428999996
0.669999999999568,8.66025403778733
0.671249999999567,9.91444861372297
0.672499999999566,9.65925826292177
0.673749999999564,7.93353340298798
0.674999999999563,5.00000000011117
0.676249999999562,1.30526192233189
0.677499999999561,-2.58819045089542
0.67874999999956,-6.08761428997732
0.679999999999559,-8.66025403777307
0.681249999999558,-9.91444861371924
0.682499999999556,-9.65925826292915
0.683749999999555,-7.93353340300535
0.684999999999554,-5.00000000013588
0.686249999999553,-1.30526192236018
0.687499999999552,2.58819045086786
0.688749999999551,6.08761428995469
0.68999999999955,8.6602540377588
0.691249999999549,9.91444861371552
0.692499999999547,9.65925826293654
0.693749999999546,7.93353340302272
0.694999999999545,5.00000000016059
0.696249999999544,1.30526192238846
0.697499999999543,-2.5881904508403
0.698749999999542,-6.08761428993206
0.699999999999541,-8.66025403774454
0.701249999999539,-9.9144486137118
0.702499999999538,-9.65925826294392
0.703749999999537,-7.93353340304009
0.704999999999536,-5.0000000001853
0.706249999999535,-1.30526192241675
0.707499999999534,2.58819045081275
0.708749999999533,6.08761428990942
0.709999999999531,8.66025403773027
0.71124999999953,9.91444861370807
0.712499999999529,9.6592582629513
0.713749999999528,7.93353340305745
0.714999999999527,5.00000000021
0.716249999999526,1.30526192244503
0.717499999999525,-2.58819045078519
0.718749999999523,-6.08761428988679
0.719999999999522,-8.66025403771601
0.721249999999521,-9.91444861370435
0.72249999999952,-9.65925826295869
0.723749999999519,-7.93353340307482
0.724999999999518,-5.00000000023471
0.726249999999517,-1.30526192247332
0.727499999999516,2.58819045075763
0.728749999999514,6.08761428986416
0.729999999999513,8.66025403770174
0.731249999999512,9.91444861370062
0.732499999999511,9.65925826296607
0.73374999999951,7.93353340309219
0.734999999999509,5.00000000025942
0.736249999999508,1.3052619225016
0.737499999999506,-2.58819045073007
0.738749999999505,-6.08761428984152
0.739999999999504,-8.66025403768748
0.741249999999503,-9.9144486136969
0.742499999999502,-9.65925826297346
0.743749999999501,-7.93353340310956
0.7449999999995,-5.00000000028412
0.746249999999498,-1.30526192252989
0.747499999999497,2.58819045070032
0.748749999999496,6.08761428981889
0.749999999999495,8.66025403767321
0.751249999999494,9.91444861369318
0.752499999999493,9.65925826298084
0.753749999999492,7.93353340312692
0.754999999999491,5.00000000030686
0.756249999999489,1.30526192255817
0.757499999999488,-2.58819045067276
0.758749999999487,-6.08761428979625
0.759999999999486,-8.66025403765895
0.761249999999485,-9.91444861368915
0.762499999999484,-9.65925826298822
0.763749999999483,-7.93353340314429
0.764999999999481,-5.00000000033157
0.76624999999948,-1.30526192258646
0.767499999999479,2.5881904506452
0.768749999999478,6.08761428977362
0.769999999999477,8.66025403764468
0.771249999999476,9.91444861368543
0.772499999999475,9.65925826299561
0.773749999999473,7.93353340316166
0.774999999999472,5.00000000035825
0.776249999999471,1.30526192261474
0.77749999999947,-2.58819045061765
0.778749999999469,-6.08761428975098
0.779999999999468,-8.66025403763042
0.781249999999467,-9.91444861368171
0.782499999999466,-9.65925826300299
0.783749999999464,-7.93353340317903
0.784999999999463,-5.00000000038296
0.786249999999462,-1.30526192264303
0.787499999999461,2.58819045059009
0.78874999999946,6.08761428972835
0.789999999999459,8.66025403761616
0.791249999999458,9.91444861367798
0.792499999999456,9.65925826301038
0.793749999999455,7.9335334031964
0.794999999999454,5.00000000040766
0.796249999999453,1.30526192267131
0.797499999999452,-2.58819045056253
0.798749999999451,-6.08761428970572
0.79999999999945,-8.66025403760189
0.801249999999448,-9.91444861367426
0.802499999999447,-9.65925826301776
0.803749999999446,-7.93353340321376
0.804999999999445,-5.00000000043237
0.806249999999444,-1.3052619226996
0.807499999999443,2.58819045053498
0.808749999999442,6.08761428968308
0.809999999999441,8.66025403758763
0.811249999999439,9.91444861367054
0.812499999999438,9.65925826302514
0.813749999999437,7.93353340323113
0.814999999999436,5.00000000045708
0.816249999999435,1.30526192272789
0.817499999999434,-2.58819045050742
0.818749999999433,-6.08761428966045
0.819999999999431,-8.66025403757336
0.82124999999943,-9.91444861366681
0.822499999999429,-9.65925826303253
0.823749999999428,-7.9335334032485
0.824999999999427,-5.00000000048178
0.826249999999426,-1.30526192275617
0.827499999999425,2.58819045047986
0.828749999999423,6.08761428963781
0.829999999999422,8.6602540375591
0.831249999999421,9.91444861366309
0.83249999999942,9.65925826303991
0.833749999999419,7.93353340326587
0.834999999999418,5.00000000050649
0.836249999999417,1.3052619227822
0.837499999999415,-2.5881904504523
0.838749999999414,-6.08761428961518
0.839999999999413,-8.66025403754483
0.841249999999412,-9.91444861365937
0.842499999999411,-9.6592582630473
0.84374999999941,-7.93353340328323
0.844999999999409,-5.0000000005312
0.846249999999408,-1.30526192281049
0.847499999999406,2.58819045042475
0.848749999999405,6.08761428959255
0.849999999999404,8.66025403753057
0.851249999999403,9.91444861365564
0.852499999999402,9.65925826305468
0.853749999999401,7.9335334033006
0.8549999999994,5.00000000055591
0.856249999999398,1.30526192283877
0.857499999999397,-2.58819045039719
0.858749999999396,-6.08761428956991
0.859999999999395,-8.6602540375163
0.861249999999394,-9.91444861365192
0.862499999999393,-9.65925826306206
0.863749999999392,-7.93353340331797
0.86499999999939,-5.00000000058061
0.866249999999389,-1.30526192286706
0.867499999999388,2.58819045036963
0.868749999999387,6.08761428954548
0.869999999999386,8.66025403750204
0.871249999999385,9.91444861364819
0.872499999999384,9.65925826306945
0.873749999999383,7.93353340333534
0.874999999999381,5.00000000060532
0.87624999999938,1.30526192289534
0.877499999999379,-2.58819045034207
0.878749999999378,-6.08761428952284
0.879999999999377,-8.66025403748777
0.881249999999376,-9.91444861364447
0.882499999999375,-9.65925826307742
0.883749999999373,-7.9335334033527
0.884999999999372,-5.00000000063003
0.886249999999371,-1.30526192292363
0.88749999999937,2.58819045031452
0.888749999999369,6.08761428950021
0.889999999999368,8.66025403747351
0.891249999999367,9.91444861364075
0.892499999999365,9.65925826308481
0.893749999999364,7.93353340337007
0.894999999999363,5.00000000065473
0.896249999999362,1.30526192295417
0.897499999999361,-2.58819045028696
0.89874999999936,-6.08761428947757
0.899999999999359,-8.66025403745924
0.901249999999358,-9.91444861363702
0.902499999999356,-9.65925826309219
0.903749999999355,-7.93353340338744
0.904999999999354,-5.00000000067944
0.906249999999353,-1.30526192298245
0.907499999999352,2.5881904502594
0.908749999999351,6.08761428945494
0.90999999999935,8.66025403744498
0.911249999999348,9.9144486136333
0.912499999999347,9.65925826309957
0.913749999999346,7.93353340340481
0.914999999999345,5.00000000070415
0.916249999999344,1.30526192301074
0.917499999999343,-2.58819045023404
0.918749999999342,-6.08761428943231
0.91999999999934,-8.66025403743071
0.921249999999339,-9.91444861362957
0.922499999999338,-9.65925826310696
0.923749999999337,-7.93353340342217
0.924999999999336,-5.00000000072886
0.926249999999335,-1.30526192303903
0.927499999999334,2.58819045020648
0.928749999999333,6.08761428940967
0.929999999999331,8.66025403741645
0.93124999999933,9.91444861362585
0.932499999999329,9.65925826311434
0.933749999999328,7.93353340343954
0.934999999999327,5.00000000075356
0.936249999999326,1.30526192306731
0.937499999999325,-2.58819045017893
0.938749999999323,-6.08761428938704
0.939999999999322,-8.66025403740218
0.941249999999321,-9.91444861362213
0.94249999999932,-9.65925826312172
0.943749999999319,-7.93353340345691
0.944999999999318,-5.00000000077827
0.946249999999317,-1.3052619230956
0.947499999999315,2.58819045015137
0.948749999999314,6.0876142893644
0.949999999999313,8.66025403738792
0.951249999999312,9.9144486136184
0.952499999999311,9.65925826312911
0.95374999999931,7.93353340347428
0.954999999999309,5.00000000080298
0.956249999999307,1.30526192312388
0.957499999999306,-2.58819045012381
0.958749999999305,-6.08761428934177
0.959999999999304,-8.66025403737365
0.961249999999303,-9.91444861361468
0.962499999999302,-9.65925826313649
0.963749999999301,-7.93353340349165
0.9649999999993,-5.00000000082769
0.966249999999298,-1.30526192315217
0.967499999999297,2.58819045009625
0.968749999999296,6.08761428931914
0.969999999999295,8.66025403735825
0.971249999999294,9.91444861361095
0.972499999999293,9.65925826314388
0.973749999999292,7.93353340350901
0.97499999999929,5.00000000085239
0.976249999999289,1.30526192318045
0.977499999999288,-2.5881904500687
0.978749999999287,-6.0876142892965
0.979999999999286,-8.66025403734399
0.981249999999285,-9.91444861360723
0.982499999999284,-9.65925826315126
0.983749999999282,-7.93353340352776
0.984999999999281,-5.0000000008771
0.98624999999928,-1.30526192320874
0.987499999999279,2.58819045004114
0.988749999999278,6.08761428927387
0.989999999999277,8.66025403732972
0.991249999999276,9.91444861360351
0.992499999999275,9.65925826315864
0.993749999999273,7.93353340354513
0.994999999999272,5.00000000090181
0.996249999999271,1.30526192323702
0.99749999999927,-2.58819045001139
0.998749999999269,-6.08761428925304
0.999999999999268,-8.66025403731546
1.00124999999927,-9.91444861359978
1.00249999999927,-9.65925826316603
1.00374999999926,-7.9335334035625
1.00499999999926,-5.00000000092651
1.00624999999926,-1.30526192326531
1.00749999999926,2.58819044998383
1.00874999999926,6.0876142892304
1.00999999999926,8.66025403730119
1.01124999999926,9.91444861359606
1.01249999999926,9.65925826317341
1.01374999999926,7.93353340357987
1.01499999999925,5.00000000095122
1.01624999999925,1.30526192329359
1.01749999999925,-2.58819044995627
1.01874999999925,-6.08761428920777
1.01999999999925,-8.66025403728693
1.02124999999925,-9.91444861359234
1.02249999999925,-9.6592582631808
1.02374999999925,-7.93353340359724
1.02499999999925,-5.00000000097593
1.02624999999924,-1.30526192332188
1.02749999999924,2.58819044992871
1.02874999999924,6.08761428918513
1.02999999999924,8.66025403727267
1.03124999999924,9.91444861358861
1.03249999999924,9.65925826318818
1.03374999999924,7.9335334036146
1.03499999999924,5.00000000100064
1.03624999999923,1.30526192335017
1.03749999999923,-2.58819044990116
1.03874999999923,-6.0876142891625
1.03999999999923,-8.6602540372584
1.04124999999923,-9.91444861358489
1.04249999999923,-9.65925826319556
1.04374999999923,-7.93353340363197
1.04499999999923,-5.00000000102534
1.04624999999923,-1.30526192337845
1.04749999999922,2.5881904498736
1.04874999999922,6.08761428913987
1.04999999999922,8.66025403724414
1.05124999999922,9.91444861358116
1.05249999999922,9.65925826320295
1.05374999999922,7.93353340364934
1.05499999999922,5.00000000105005
1.05624999999922,1.30526192340674
1.05749999999922,-2.58819044984604
1.05874999999921,-6.08761428911723
1.05999999999921,-8.66025403722987
1.06124999999921,-9.91444861357744
1.06249999999921,-9.65925826321033
1.06374999999921,-7.93353340366671
1.06499999999921,-5.00000000107476
1.06624999999921,-1.30526192343502
1.06749999999921,2.58819044981848
1.06874999999921,6.0876142890946
1.0699999999992,8.6602540372156
1.0712499999992,9.91444861357372
1.0724999999992,9.65925826321772
1.0737499999992,7.93353340368407
1.0749999999992,5.00000000109947
1.0762499999992,1.30526192346331
1.0774999999992,-2.58819044979093
1.0787499999992,-6.08761428907196
1.07999999999919,-8.66025403720248
1.08124999999919,-9.91444861356999
1.08249999999919,-9.6592582632251
1.08374999999919,-7.93353340370144
1.08499999999919,-5.00000000112417
1.08624999999919,-1.30526192349159
1.08749999999919,2.58819044976337
1.08874999999919,6.08761428904933
1.08999999999919,8.66025403718821
1.09124999999918,9.91444861356597
1.09249999999918,9.65925826323248
1.09374999999918,7.93353340371881
1.09499999999918,5.00000000114888
1.09624999999918,1.30526192351988
1.09749999999918,-2.58819044973581
1.09874999999918,-6.0876142890267
1.09999999999918,-8.66025403717395
1.10124999999918,-9.91444861356225
1.10249999999917,-9.65925826323987
1.10374999999917,-7.93353340373618
1.10499999999917,-5.00000000117556
1.10624999999917,-1.30526192354816
1.10749999999917,2.58819044970825
1.10874999999917,6.08761428900406
1.10999999999917,8.66025403715968
1.11124999999917,9.91444861355852
1.11249999999917,9.65925826324725
1.11374999999916,7.93353340375354
1.11499999999916,5.00000000120026
1.11624999999916,1.30526192357645
1.11749999999916,-2.5881904496807
1.11874999999916,-6.08761428897963
1.11999999999916,-8.66025403714542
1.12124999999916,-9.9144486135548
1.12249999999916,-9.65925826325464
1.12374999999916,-7.93353340377091
1.12499999999915,-5.00000000122497
1.12624999999915,-1.30526192360473
1.12749999999915,2.58819044965314
1.12874999999915,6.08761428895699
1.12999999999915,8.66025403713115
1.13124999999915,9.91444861355108
1.13249999999915,9.65925826326202
1.13374999999915,7.93353340378828
1.13499999999914,5.00000000124968
1.13624999999914,1.30526192363302
1.13749999999914,-2.58819044962558
1.13874999999914,-6.08761428893436
1.13999999999914,-8.66025403711689
1.14124999999914,-9.91444861354735
1.14249999999914,-9.6592582632694
1.14374999999914,-7.93353340380565
1.14499999999914,-5.00000000127439
1.14624999999913,-1.30526192366131
1.14749999999913,2.58819044959802
1.14874999999913,6.08761428891172
1.14999999999913,8.66025403710262
1.15124999999913,9.91444861354363
1.15249999999913,9.65925826327679
1.15374999999913,7.93353340382302
1.15499999999913,5.00000000129909
1.15624999999913,1.30526192368959
1.15749999999912,-2.58819044957047
1.15874999999912,-6.08761428888909
1.15999999999912,-8.66025403708836
1.16124999999912,-9.91444861353991
1.16249999999912,-9.65925826328417
1.16374999999912,-7.93353340384038
1.16499999999912,-5.0000000013238
1.16624999999912,-1.30526192371788
1.16749999999912,2.58819044954291
1.16874999999911,6.08761428886646
1.16999999999911,8.6602540370741
1.17124999999911,9.91444861353648
1.17249999999911,9.65925826329156
1.17374999999911,7.93353340385775
1.17499999999911,5.00000000134851
1.17624999999911,1.30526192374616
1.17749999999911,-2.58819044951535
1.17874999999911,-6.08761428884382
1.1799999999991,-8.66025403705983
1.1812499999991,-9.91444861353275
1.1824999999991,-9.65925826329894
1.1837499999991,-7.93353340387512
1.1849999999991,-5.00000000137321
1.1862499999991,-1.30526192377445
1.1874999999991,2.58819044948779
1.1887499999991,6.08761428882119
1.18999999999909,8.66025403704557
1.19124999999909,9.91444861352903
1.19249999999909,9.65925826330691
1.19374999999909,7.93353340389249
1.19499999999909,5.00000000139792
1.19624999999909,1.30526192380273
1.19749999999909,-2.58819044946024
1.19874999999909,-6.08761428879855
1.19999999999909,-8.6602540370313
1.20124999999908,-9.91444861352531
1.20249999999908,-9.6592582633143
1.20374999999908,-7.93353340390985
1.20499999999908,-5.00000000142263
1.20624999999908,-1.30526192383327
1.20749999999908,2.58819044943268
1.20874999999908,6.08761428877592
1.20999999999908,8.66025403701703
1.21124999999908,9.91444861352158
1.21249999999907,9.65925826332168
1.21374999999907,7.93353340392722
1.21499999999907,5.00000000144734
1.21624999999907,1.30526192386156
1.21749999999907,-2.58819044940512
1.21874999999907,-6.08761428875329
1.21999999999907,-8.66025403700163
1.22124999999907,-9.91444861351786
1.22249999999907,-9.65925826332906
1.22374999999906,-7.93353340394459
1.22499999999906,-5.00000000147204
1.22624999999906,-1.30526192388984
1.22749999999906,2.58819044937756
1.22874999999906,6.08761428873065
1.22999999999906,8.66025403698737
1.23124999999906,9.91444861351414
1.23249999999906,9.65925826333645
1.23374999999906,7.93353340396196
1.23499999999905,5.00000000149675
1.23624999999905,1.30526192391813
1.23749999999905,-2.58819044935001
1.23874999999905,-6.08761428870802
1.23999999999905,-8.6602540369731
1.24124999999905,-9.91444861351041
1.24249999999905,-9.65925826334383
1.24374999999905,-7.93353340397933
1.24499999999904,-5.00000000152146
1.24624999999904,-1.30526192394641
1.24749999999904,2.58819044932245
1.24874999999904,6.08761428868538
1.24999999999904,8.66025403695884
1.25124999999904,9.91444861350669
1.25249999999904,9.65925826335063
1.25374999999904,7.93353340399669
1.25499999999904,5.00000000154617
1.25624999999903,1.3052619239747
1.25749999999903,-2.58819044929489
1.25874999999903,-6.08761428866275
1.25999999999903,-8.66025403694458
1.26124999999903,-9.91444861350267
1.26249999999903,-9.65925826335801
1.26374999999903,-7.93353340401406
1.26499999999903,-5.0000000015689
1.26624999999903,-1.30526192400299
1.26749999999902,2.58819044926734
1.26874999999902,6.08761428864011
1.26999999999902,8.66025403693031
1.27124999999902,9.91444861349924
1.27249999999902,9.65925826336598
1.27374999999902,7.93353340403143
1.27499999999902,5.00000000159558
1.27624999999902,1.30526192402902
1.27749999999902,-2.58819044923978
1.27874999999901,-6.08761428861568
1.27999999999901,-8.66025403691605
1.28124999999901,-9.91444861349522
1.28249999999901,-9.65925826337278
1.28374999999901,-7.9335334040488
1.28499999999901,-5.00000000161832
1.28624999999901,-1.30526192405956
1.28749999999901,2.58819044921222
1.28874999999901,6.08761428859485
1.289999999999,8.66025403690178
1.291249999999,9.91444861349179
1.292499999999,9.65925826338075
1.293749999999,7.93353340406616
1.294999999999,5.000000001645
1.296249999999,1.30526192408559
1.297499999999,-2.58819044918466
1.298749999999,-6.08761428857041
1.29999999999899,-8.66025403688752
1.30124999999899,-9.91444861348777
1.30249999999899,-9.65925826338755
1.30374999999899,-7.93353340408353
1.30499999999899,-5.00000000166773
1.30624999999899,-1.30526192411613
1.30749999999899,2.58819044915711
1.30874999999899,6.08761428854958
1.30999999999899,8.66025403687211
1.31124999999898,9.91444861348434
1.31249999999898,9.65925826339552
1.31374999999898,7.9335334041009
1.31499999999898,5.00000000169441
1.31624999999898,1.30526192414216
1.31749999999898,-2.58819044912955
1.31874999999898,-6.08761428852514
1.31999999999898,-8.66025403685899
1.32124999999898,-9.91444861348032
1.32249999999897,-9.65925826340231
1.32374999999897,-7.93353340411965
1.32499999999897,-5.00000000171715
1.32624999999897,-1.3052619241727
1.32749999999897,2.58819044910199
1.32874999999897,6.08761428850431
1.32999999999897,8.66025403684358
1.33124999999897,9.9144486134769
1.33249999999897,9.65925826341029
1.33374999999896,7.93353340413563
1.33499999999896,5.00000000174382
1.33624999999896,1.30526192419873
1.33749999999896,-2.58819044907224
1.33874999999896,-6.08761428848348
1.33999999999896,-8.66025403683046
1.34124999999896,-9.91444861347288
1.34249999999896,-9.65925826341708
1.34374999999896,-7.93353340415439
1.34499999999895,-5.00000000176656
1.34624999999895,-1.30526192422927
1.34749999999895,2.58819044904688
1.34874999999895,6.08761428845904
1.34999999999895,8.66025403681505
1.35124999999895,9.91444861346915
1.35249999999895,9.65925826342506
1.35374999999895,7.93353340417037
1.35499999999894,5.00000000179324
1.35624999999894,1.3052619242553
1.35749999999894,-2.58819044901712
1.35874999999894,-6.08761428843821
1.35999999999894,-8.66025403680193
1.36124999999894,-9.91444861346543
1.36249999999894,-9.65925826343185
1.36374999999894,-7.93353340418912
1.36499999999894,-5.00000000181795
1.36624999999893,-1.30526192428584
1.36749999999893,2.58819044899176
1.36874999999893,6.08761428841377
1.36999999999893,8.66025403678653
1.37124999999893,9.9144486134617
1.37249999999893,9.65925826343982
1.37374999999893,7.9335334042051
1.37499999999893,5.00000000184265
1.37624999999893,1.30526192431187
1.37749999999892,-2.58819044896201
1.37874999999892,-6.08761428839114
1.37999999999892,-8.6602540367734
1.38124999999892,-9.91444861345798
1.38249999999892,-9.65925826344662
1.38374999999892,-7.93353340422386
1.38499999999892,-5.00000000186736
1.38624999999892,-1.30526192434241
1.38749999999892,2.58819044893665
1.38874999999891,6.08761428836851
1.38999999999891,8.660254036758
1.39124999999891,9.91444861345426
1.39249999999891,9.65925826345459
1.39374999999891,7.93353340423984
1.39499999999891,5.00000000189207
1.39624999999891,1.30526192436844
1.39749999999891,-2.58819044890689
1.39874999999891,-6.08761428834587
1.3999999999989,-8.66025403674487
1.4012499999989,-9.91444861345024
1.4024999999989,-9.65925826346139
1.4037499999989,-7.93353340425859
1.4049999999989,-5.00000000191677
1.4062499999989,-1.30526192439898
1.4074999999989,2.58819044888153
1.4087499999989,6.08761428832324
1.40999999999889,8.66025403672947
1.41124999999889,9.91444861344681
1.41249999999889,9.65925826346936
1.41374999999889,7.93353340427457
1.41499999999889,5.00000000194345
1.41624999999889,1.30526192442501
1.41749999999889,-2.58819044885178
1.41874999999889,-6.08761428830061
1.41999999999889,-8.66025403671634
1.42124999999888,-9.91444861344279
1.42249999999888,-9.65925826347615
1.42374999999888,-7.93353340429333
1.42499999999888,-5.00000000196619
1.42624999999888,-1.30526192445555
1.42749999999888,2.58819044882642
1.42874999999888,6.08761428827617
1.42999999999888,8.66025403670321
1.43124999999888,9.91444861343936
1.43249999999887,9.65925826348413
1.43374999999887,7.93353340430931
1.43499999999887,5.00000000199287
1.43624999999887,1.30526192448158
1.43749999999887,-2.58819044879666
1.43874999999887,-6.08761428825534
1.43999999999887,-8.66025403668781
1.44124999999887,-9.91444861343534
1.44249999999887,-9.65925826349151
1.44374999999886,-7.93353340432806
1.44499999999886,-5.0000000020156
1.44624999999886,-1.30526192451212
1.44749999999886,2.5881904487713
1.44874999999886,6.0876142882309
1.44999999999886,8.66025403667468
1.45124999999886,9.91444861343191
1.45249999999886,9.6592582634989
1.45374999999886,7.93353340434405
1.45499999999885,5.00000000204228
1.45624999999885,1.30526192454041
1.45749999999885,-2.58819044874155
1.45874999999885,-6.08761428821007
1.45999999999885,-8.66025403665928
1.46124999999885,-9.91444861342789
1.46249999999885,-9.65925826350628
1.46374999999885,-7.9335334043628
1.46499999999884,-5.00000000206502
1.46624999999884,-1.30526192456869
1.46749999999884,2.58819044871619
1.46874999999884,6.08761428818563
1.46999999999884,8.66025403664502
1.47124999999884,9.91444861342447
1.47249999999884,9.65925826351366
1.47374999999884,7.93353340437878
1.47499999999884,5.0000000020917
1.47624999999883,1.30526192459698
1.47749999999883,-2.58819044868643
1.47874999999883,-6.0876142881648
1.47999999999883,-8.66025403663075
1.48124999999883,-9.91444861342045
1.48249999999883,-9.65925826352105
1.48374999999883,-7.93353340439753
1.48499999999883,-5.00000000211443
1.48624999999883,-1.30526192462526
1.48749999999882,2.58819044866107
1.48874999999882,6.08761428814036
1.48999999999882,8.66025403661649
1.49124999999882,9.91444861341702
1.49249999999882,9.65925826352843
1.49374999999882,7.93353340441352
1.49499999999882,5.00000000214111
1.49624999999882,1.30526192465355
1.49749999999882,-2.58819044863132
1.49874999999881,-6.08761428811953
1.49999999999881,-8.66025403660222
1.50124999999881,-9.91444861341359
1.50249999999881,-9.65925826353582
1.50374999999881,-7.93353340443227
1.50499999999881,-5.00000000216385
1.50624999999881,-1.30526192468184
1.50749999999881,2.58819044860596
1.50874999999881,6.0876142880951
1.5099999999988,8.66025403658796
1.5112499999988,9.91444861340957
1.5124999999988,9.6592582635432
1.5137499999988,7.93353340444825
1.5149999999988,5.00000000219052
1.5162499999988,1.30526192471012
1.5174999999988,-2.5881904485762
1.5187499999988,-6.08761428807427
1.51999999999879,-8.66025403657369
1.52124999999879,-9.91444861340614
1.52249999999879,-9.65925826355058
1.52374999999879,-7.933533404467
1.52499999999879,-5.00000000221326
1.52624999999879,-1.30526192473841
1.52749999999879,2.58819044855084
1.52874999999879,6.08761428804983
1.52999999999879,8.66025403655943
1.53124999999878,9.91444861340212
1.53249999999878,9.65925826355856
1.53374999999878,7.93353340448299
1.53499999999878,5.00000000223994
1.53624999999878,1.30526192476669
1.53749999999878,-2.58819044852109
1.53874999999878,-6.087614288029
1.53999999999878,-8.66025403654516
1.54124999999878,-9.9144486133987
1.54249999999877,-9.65925826356535
1.54374999999877,-7.93353340450174
1.54499999999877,-5.00000000226268
1.54624999999877,-1.30526192479723
1.54749999999877,2.58819044849573
1.54874999999877,6.08761428800456
1.54999999999877,8.6602540365309
1.55124999999877,9.91444861339468
1.55249999999877,9.65925826357332
1.55374999999876,7.93353340451772
1.55499999999876,5.00000000228935
1.55624999999876,1.30526192482326
1.55749999999876,-2.58819044846597
1.55874999999876,-6.08761428798373
1.55999999999876,-8.6602540365155
1.56124999999876,-9.91444861339125
1.56249999999876,-9.65925826358012
1.56374999999876,-7.93353340453647
1.56499999999875,-5.00000000231209
1.56624999999875,-1.3052619248538
1.56749999999875,2.58819044844061
1.56874999999875,6.08761428795929
1.56999999999875,8.66025403650237
1.57124999999875,9.91444861338723
1.57249999999875,9.65925826358809
1.57374999999875,7.93353340455384
1.57499999999874,5.00000000233877
1.57624999999874,1.30526192487983
1.57749999999874,-2.58819044841086
1.57874999999874,-6.08761428793846
1.57999999999874,-8.66025403648697
1.58124999999874,-9.9144486133838
1.58249999999874,-9.65925826359489
1.58374999999874,-7.93353340457121
1.58499999999874,-5.00000000236151
1.58624999999873,-1.30526192491037
1.58749999999873,2.5881904483833
1.58874999999873,6.08761428791402
1.58999999999873,8.66025403647384
1.59124999999873,9.91444861337978
1.59249999999873,9.65925826360168
1.59374999999873,7.93353340458858
1.59499999999873,5.00000000238818
1.59624999999873,1.3052619249364
1.59749999999872,-2.58819044835575
1.59874999999872,-6.08761428789319
1.59999999999872,-8.66025403645844
1.60124999999872,-9.91444861337606
1.60249999999872,-9.65925826360966
1.60374999999872,-7.93353340460594
1.60499999999872,-5.00000000241092
1.60624999999872,-1.30526192496694
1.60749999999872,2.58819044832819
1.60874999999871,6.08761428786876
1.60999999999871,8.66025403644531
1.61124999999871,9.91444861337233
1.61249999999871,9.65925826361645
1.61374999999871,7.93353340462331
1.61499999999871,5.0000000024376
1.61624999999871,1.30526192499298
1.61749999999871,-2.58819044830063
1.6187499999987,-6.08761428784793
1.6199999999987,-8.66025403642991
1.6212499999987,-9.91444861336861
1.6224999999987,-9.65925826362442
1.6237499999987,-7.93353340464206
1.6249999999987,-5.00000000246034
1.6262499999987,-1.30526192502352
1.6274999999987,2.58819044827307
1.6287499999987,6.08761428782349
1.62999999999869,8.66025403641678
1.63124999999869,9.91444861336488
1.63249999999869,9.65925826363122
1.63374999999869,7.93353340465805
1.63499999999869,5.00000000248701
1.63624999999869,1.30526192504955
1.63749999999869,-2.58819044824332
1.63874999999869,-6.08761428780266
1.63999999999869,-8.66025403640138
1.64124999999868,-9.91444861336116
1.64249999999868,-9.65925826363919
1.64374999999868,-7.9335334046768
1.64499999999868,-5.00000000250975
1.64624999999868,-1.30526192508009
1.64749999999868,2.58819044821796
1.64874999999868,6.08761428777822
1.64999999999868,8.66025403638825
1.65124999999868,9.91444861335714
1.65249999999867,9.65925826364599
1.65374999999867,7.93353340469278
1.65499999999867,5.00000000253643
1.65624999999867,1.30526192510612
1.65749999999867,-2.5881904481882
1.65874999999867,-6.08761428775739
1.65999999999867,-8.66025403637285
1.66124999999867,-9.91444861335371
1.66249999999867,-9.65925826365396
1.66374999999866,-7.93353340470877
1.66499999999866,-5.00000000256113
1.66624999999866,-1.30526192513666
1.66749999999866,2.58819044816284
1.66874999999866,6.08761428773295
1.66999999999866,8.66025403635972
1.67124999999866,9.91444861334969
1.67249999999866,9.65925826366075
1.67374999999865,7.93353340472752
1.67499999999865,5.00000000258584
1.67624999999865,1.30526192516269
1.67749999999865,-2.58819044813309
1.67874999999865,-6.08761428771032
1.67999999999865,-8.66025403634432
1.68124999999865,-9.91444861334626
1.68249999999865,-9.65925826366873
1.68374999999865,-7.9335334047435
1.68499999999864,-5.00000000261055
1.68624999999864,-1.30526192519323
1.68749999999864,2.58819044810773
1.68874999999864,6.08761428768768
1.68999999999864,8.66025403633119
1.69124999999864,9.91444861334224
1.69249999999864,9.65925826367611
1.69374999999864,7.93353340476225
1.69499999999864,5.00000000263526
1.69624999999863,1.30526192521926
1.69749999999863,-2.58819044807797
1.69874999999863,-6.08761428766505
1.69999999999863,-8.66025403631579
1.70124999999863,-9.91444861333882
1.70249999999863,-9.6592582636835
1.70374999999863,-7.93353340477824
1.70499999999863,-5.00000000265996
1.70624999999863,-1.3052619252498
1.70749999999862,2.58819044805261
1.70874999999862,6.08761428764242
1.70999999999862,8.66025403630266
1.71124999999862,9.9144486133348
1.71249999999862,9.65925826369088
1.71374999999862,7.93353340479699
1.71499999999862,5.00000000268467
1.71624999999862,1.30526192527583
1.71749999999862,-2.58819044802286
1.71874999999861,-6.08761428761978
1.71999999999861,-8.66025403628726
1.72124999999861,-9.91444861333137
1.72249999999861,-9.65925826369826
1.72374999999861,-7.93353340481297
1.72499999999861,-5.00000000270938
1.72624999999861,-1.30526192530637
1.72749999999861,2.5881904479975
1.7287499999986,6.08761428759715
1.7299999999986,8.66025403627413
1.7312499999986,9.91444861332735
1.7324999999986,9.65925826370565
1.7337499999986,7.93353340483172
1.7349999999986,5.00000000273408
1.7362499999986,1.3052619253324
1.7374999999986,-2.58819044796775
1.7387499999986,-6.08761428757451
1.73999999999859,-8.66025403625873
1.74124999999859,-9.91444861332392
1.74249999999859,-9.65925826371303
1.74374999999859,-7.93353340484771
1.74499999999859,-5.00000000275879
1.74624999999859,-1.30526192536294
1.74749999999859,2.58819044794238
1.74874999999859,6.08761428755188
1.74999999999859,8.6602540362456
1.75124999999858,9.9144486133199
1.75249999999858,9.65925826372042
1.75374999999858,7.93353340486646
1.75499999999858,5.00000000278153
1.75624999999858,1.30526192538897
1.75749999999858,-2.58819044791263
1.75874999999858,-6.08761428752925
1.75999999999858,-8.6602540362302
1.76124999999858,-9.91444861331648
1.76249999999857,-9.6592582637278
1.76374999999857,-7.93353340488244
1.76499999999857,-5.00000000280821
1.76624999999857,-1.30526192541951
1.76749999999857,2.58819044788727
1.76874999999857,6.08761428750481
1.76999999999857,8.66025403621707
1.77124999999857,9.91444861331245
1.77249999999857,9.65925826373518
1.77374999999856,7.9335334049012
1.77499999999856,5.00000000283094
1.77624999999856,1.30526192544554
1.77749999999856,-2.58819044785752
1.77874999999856,-6.08761428748398
1.77999999999856,-8.66025403620167
1.78124999999856,-9.91444861330903
1.78249999999856,-9.65925826374315
1.78374999999855,-7.93353340491718
1.78499999999855,-5.00000000285762
1.78624999999855,-1.30526192547608
1.78749999999855,2.58819044783215
1.78874999999855,6.08761428745954
1.78999999999855,8.66025403618854
1.79124999999855,9.91444861330501
1.79249999999855,9.65925826374995
1.79374999999855,7.93353340493593
1.79499999999854,5.00000000288036
1.79624999999854,1.30526192550437
1.79749999999854,-2.5881904478024
1.79874999999854,-6.08761428743871
1.79999999999854,-8.66025403617314
1.80124999999854,-9.91444861330158
1.80249999999854,-9.65925826375792
1.80374999999854,-7.93353340495191
1.80499999999854,-5.00000000290704
1.80624999999853,-1.30526192553265
1.80749999999853,2.58819044777704
1.80874999999853,6.08761428741427
1.80999999999853,8.66025403615888
1.81124999999853,9.91444861329756
1.81249999999853,9.65925826376472
1.81374999999853,7.93353340497067
1.81499999999853,5.00000000292977
1.81624999999853,1.30526192556094
1.81749999999852,-2.58819044774729
1.81874999999852,-6.08761428739344
1.81999999999852,-8.66025403614461
1.82124999999852,-9.91444861329413
1.82249999999852,-9.65925826377269
1.82374999999852,-7.93353340498803
1.82499999999852,-5.00000000295645
1.82624999999852,-1.30526192558697
1.82749999999852,2.58819044772192
1.82874999999851,6.087614287369
1.82999999999851,8.66025403613035
1.83124999999851,9.91444861329011
1.83249999999851,9.65925826377949
1.83374999999851,7.9335334050054
1.83499999999851,5.00000000297919
1.83624999999851,1.30526192561751
1.83749999999851,-2.58819044769217
1.8387499999985,-6.08761428734817
1.8399999999985,-8.66025403611608
1.8412499999985,-9.91444861328668
1.8424999999985,-9.65925826378746
1.8437499999985,-7.93353340502277
1.8449999999985,-5.00000000300586
1.8462499999985,-1.30526192564354
1.8474999999985,2.58819044766681
1.8487499999985,6.08761428732374
1.84999999999849,8.66025403610182
1.85124999999849,9.91444861328266
1.85249999999849,9.65925826379426
1.85374999999849,7.93353340504014
1.85499999999849,5.0000000030286
1.85624999999849,1.30526192567408
1.85749999999849,-2.58819044763706
1.85874999999849,-6.08761428730291
1.85999999999849,-8.66025403608642
1.86124999999848,-9.91444861327924
1.86249999999848,-9.65925826380223
1.86374999999848,-7.9335334050575
1.86499999999848,-5.00000000305528
1.86624999999848,-1.30526192570011
1.86749999999848,2.5881904476117
1.86874999999848,6.08761428727847
1.86999999999848,8.66025403607329
1.87124999999848,9.91444861327522
1.87249999999847,9.65925826380902
1.87374999999847,7.93353340507626
1.87499999999847,5.00000000307802
1.87624999999847,1.30526192573065
1.87749999999847,-2.58819044758194
1.87874999999847,-6.08761428725764
1.87999999999847,-8.66025403605789
1.88124999999847,-9.91444861327179
1.88249999999847,-9.659258263817
1.88374999999846,-7.93353340509224
1.88499999999846,-5.00000000310469
1.88624999999846,-1.30526192575668
1.88749999999846,2.58819044755438
1.88874999999846,6.0876142872332
1.88999999999846,8.66025403604476
1.89124999999846,9.91444861326777
1.89249999999846,9.65925826382379
1.89374999999845,7.93353340511099
1.89499999999845,5.00000000312743
1.89624999999845,1.30526192578722
1.89749999999845,-2.58819044752683
1.89874999999845,-6.08761428721237
1.89999999999845,-8.66025403602936
1.90124999999845,-9.91444861326404
1.90249999999845,-9.65925826383176
1.90374999999845,-7.93353340512697
1.90499999999844,-5.00000000315411
1.90624999999844,-1.30526192581325
1.90749999999844,2.58819044749927
1.90874999999844,6.08761428718793
1.90999999999844,8.66025403601623
1.91124999999844,9.91444861326032
1.91249999999844,9.65925826383856
1.91374999999844,7.93353340514573
1.91499999999844,5.00000000317882
1.91624999999843,1.30526192584379
1.91749999999843,-2.58819044747391
1.91874999999843,-6.0876142871671
1.91999999999843,-8.66025403600083
1.92124999999843,-9.9144486132566
1.92249999999843,-9.65925826384653
1.92374999999843,-7.93353340516171
1.92499999999843,-5.00000000320352
1.92624999999843,-1.30526192586982
1.92749999999842,2.58819044744415
1.92874999999842,6.08761428714266
1.92999999999842,8.6602540359877
1.93124999999842,9.91444861325287
1.93249999999842,9.65925826385333
1.93374999999842,7.93353340518046
1.93499999999842,5.00000000322823
1.93624999999842,1.30526192590036
1.93749999999842,-2.58819044741879
1.93874999999841,-6.08761428712183
1.93999999999841,-8.6602540359723
1.94124999999841,-9.91444861324915
1.94249999999841,-9.6592582638613
1.94374999999841,-7.93353340519645
1.94499999999841,-5.00000000325294
1.94624999999841,-1.3052619259264
1.94749999999841,2.58819044738904
1.9487499999984,6.0876142870974
1.9499999999984,8.66025403595917
1.9512499999984,9.91444861324542
1.9524999999984,9.65925826386809
1.9537499999984,7.9335334052152
1.9549999999984,5.00000000327764
1.9562499999984,1.30526192595693
1.9574999999984,-2.58819044736368
1.9587499999984,-6.08761428707657
1.95999999999839,-8.66025403594377
1.96124999999839,-9.9144486132417
1.96249999999839,-9.65925826387607
1.96374999999839,-7.93353340523118
1.96499999999839,-5.00000000330235
1.96624999999839,-1.30526192598297
1.96749999999839,2.58819044733393
1.96874999999839,6.08761428705213
1.96999999999839,8.66025403593064
1.97124999999838,9.91444861323798
1.97249999999838,9.65925826388286
1.97374999999838,7.93353340524993
1.97499999999838,5.00000000332706
1.97624999999838,1.30526192601351
1.97749999999838,-2.58819044730856
1.97874999999838,-6.0876142870313
1.97999999999838,-8.66025403591524
1.98124999999838,-9.91444861323425
1.98249999999837,-9.65925826389084
1.98374999999837,-7.93353340526592
1.98499999999837,-5.00000000335177
1.98624999999837,-1.30526192603954
1.98749999999837,2.58819044727881
1.98874999999837,6.08761428700686
1.98999999999837,8.66025403590211
1.99124999999837,9.91444861323023
1.99249999999837,9.65925826389763
1.99374999999836,7.93353340528467
1.99499999999836,5.00000000337647
1.99624999999836,1.30526192607008
1.99749999999836,-2.58819044725345
1.99874999999836,-6.08761428698603
1.99999999999836,-8.66025403588671
2.00124999999836,-9.9144486132268
2.00249999999836,-9.6592582639056
2.00374999999835,-7.93353340530065
2.00499999999835,-5.00000000340315
2.00624999999835,-1.30526192609611
2.00749999999835,2.5881904472237
2.00874999999835,6.0876142869634
2.00999999999835,8.66025403587358
2.01124999999835,9.91444861322278
2.01249999999835,9.6592582639124
2.01374999999835,7.9335334053194
2.01499999999834,5.00000000342589
2.01624999999834,1.30526192612665
2.01749999999834,-2.58819044719833
2.01874999999834,-6.08761428693896
2.01999999999834,-8.66025403585818
2.02124999999834,-9.91444861321936
2.02249999999834,-9.65925826392037
2.02374999999834,-7.93353340533539
2.02499999999834,-5.00000000345256
2.02624999999833,-1.30526192615268
2.02749999999833,2.58819044716858
2.02874999999833,6.08761428691813
2.02999999999833,8.66025403584505
2.03124999999833,9.91444861321534
2.03249999999833,9.65925826392775
2.03374999999833,7.93353340535414
2.03499999999833,5.0000000034753
2.03624999999833,1.30526192618322
2.03749999999832,-2.58819044714322
2.03874999999832,-6.08761428689369
2.03999999999832,-8.66025403582965
2.04124999999832,-9.91444861321191
2.04249999999832,-9.65925826393514
2.04374999999832,-7.93353340537012
2.04499999999832,-5.00000000350198
2.04624999999832,-1.3052619262115
2.04749999999832,2.58819044711347
2.04874999999831,6.08761428687286
2.04999999999831,8.66025403581652
2.05124999999831,9.91444861320789
2.05249999999831,9.65925826394252
2.05374999999831,7.93353340538887
2.05499999999831,5.00000000352472
2.05624999999831,1.30526192623979
2.05749999999831,-2.5881904470881
2.0587499999983,-6.08761428684842
2.0599999999983,-8.66025403580112
2.0612499999983,-9.91444861320446
2.0624999999983,-9.65925826394991
2.0637499999983,-7.93353340540486
2.0649999999983,-5.00000000355139
2.0662499999983,-1.30526192626807
2.0674999999983,2.58819044705835
2.0687499999983,6.08761428682759
2.06999999999829,8.66025403578799
2.07124999999829,9.91444861320044
2.07249999999829,9.65925826395729
2.07374999999829,7.93353340542361
2.07499999999829,5.00000000357413
2.07624999999829,1.30526192629636
2.07749999999829,-2.58819044703299
2.07874999999829,-6.08761428680315
2.07999999999829,-8.66025403577373
2.08124999999828,-9.91444861319702
2.08249999999828,-9.65925826396526
2.08374999999828,-7.93353340543959
2.08499999999828,-5.00000000360081
2.08624999999828,-1.30526192632465
2.08749999999828,2.58819044700324
2.08874999999828,6.08761428678232
2.08999999999828,8.66025403575946
2.09124999999828,9.91444861319299
2.09249999999827,9.65925826397206
2.09374999999827,7.93353340545834
2.09499999999827,5.00000000362355
2.09624999999827,1.30526192635519
2.09749999999827,-2.58819044697788
2.09874999999827,-6.08761428675789
2.09999999999827,-8.6602540357452
2.10124999999827,-9.91444861318957
2.10249999999827,-9.65925826398003
2.10374999999826,-7.93353340547433
2.10499999999826,-5.00000000365022
2.10624999999826,-1.30526192638122
2.10749999999826,2.58819044694812
2.10874999999826,6.08761428673706
2.10999999999826,8.6602540357298
2.11124999999826,9.91444861318555
2.11249999999826,9.65925826398683
2.11374999999825,7.93353340549308
2.11499999999825,5.00000000367296
2.11624999999825,1.30526192641176
2.11749999999825,-2.58819044692276
2.11874999999825,-6.08761428671262
2.11999999999825,-8.66025403571667
2.12124999999825,-9.91444861318212
2.12249999999825,-9.6592582639948
2.12374999999825,-7.93353340551045
2.12499999999824,-5.00000000369964
2.12624999999824,-1.30526192643779
2.12749999999824,2.58819044689301
2.12874999999824,6.08761428669179
2.12999999999824,8.66025403570127
2.13124999999824,9.9144486131781
2.13249999999824,9.6592582640016
2.13374999999824,7.93353340552781
2.13499999999824,5.00000000372238
2.13624999999823,1.30526192646833
2.13749999999823,-2.58819044686545
2.13874999999823,-6.08761428666735
2.13999999999823,-8.66025403568814
2.14124999999823,-9.91444861317467
2.14249999999823,-9.65925826400957
2.14374999999823,-7.93353340554518
2.14499999999823,-5.00000000374905
2.14624999999823,-1.30526192649436
2.14749999999822,2.58819044683789
2.14874999999822,6.08761428664652
2.14999999999822,8.66025403567274
2.15124999999822,9.91444861317065
2.15249999999822,9.65925826401636
2.15374999999822,7.93353340556255
2.15499999999822,5.00000000377179
2.15624999999822,1.3052619265249
2.15749999999822,-2.58819044681033
2.15874999999821,-6.08761428662208
2.15999999999821,-8.66025403565961
2.16124999999821,-9.91444861316722
2.16249999999821,-9.65925826402433
2.16374999999821,-7.93353340557992
2.16499999999821,-5.00000000379847
2.16624999999821,-1.30526192655093
2.16749999999821,2.58819044678278
2.1687499999982,6.08761428660125
2.1699999999982,8.66025403564421
2.1712499999982,9.9144486131635
2.1724999999982,9.65925826403113
2.1737499999982,7.93353340559729
2.1749999999982,5.00000000382121
2.1762499999982,1.30526192658147
2.1774999999982,-2.58819044675522
2.1787499999982,-6.08761428657681
2.17999999999819,-8.66025403563108
2.18124999999819,-9.91444861315978
2.18249999999819,-9.6592582640391
2.18374999999819,-7.93353340561465
2.18499999999819,-5.00000000384788
2.18624999999819,-1.3052619266075
2.18749999999819,2.58819044672766
2.18874999999819,6.08761428655598
2.18999999999819,8.66025403561568
2.19124999999818,9.91444861315605
2.19249999999818,9.6592582640459
2.19374999999818,7.93353340563202
2.19499999999818,5.00000000387062
2.19624999999818,1.30526192663804
2.19749999999818,-2.5881904467001
2.19874999999818,-6.08761428653155
2.19999999999818,-8.66025403560255
2.20124999999818,-9.91444861315233
2.20249999999817,-9.65925826405387
2.20374999999817,-7.93353340564939
2.20499999999817,-5.0000000038973
2.20624999999817,-1.30526192666407
2.20749999999817,2.58819044667255
2.20874999999817,6.08761428651072
2.20999999999817,8.66025403558715
2.21124999999817,9.9144486131486
2.21249999999816,9.65925826406067
2.21374999999816,7.93353340566814
2.21499999999816,5.00000000392003
2.21624999999816,1.30526192669461
2.21749999999816,-2.58819044664499
2.21874999999816,-6.08761428648628
2.21999999999816,-8.66025403557402
2.22124999999816,-9.91444861314488
2.22249999999816,-9.65925826406864
2.22374999999815,-7.93353340568412
2.22499999999815,-5.00000000394671
2.22624999999815,-1.30526192672064
2.22749999999815,2.58819044661524
2.22874999999815,6.08761428646545
2.22999999999815,8.66025403555862
2.23124999999815,9.91444861314116
2.23249999999815,9.65925826407543
2.23374999999815,7.93353340570288
2.23499999999814,5.00000000396945
2.23624999999814,1.30526192675118
2.23749999999814,-2.58819044658988
2.23874999999814,-6.08761428644101
2.23999999999814,-8.66025403554549
2.24124999999814,-9.91444861313714
2.24249999999814,-9.65925826408223
2.24374999999814,-7.93353340571886
2.24499999999814,-5.00000000399613
2.24624999999813,-1.30526192677721
2.24749999999813,2.58819044656012
2.24874999999813,6.08761428642018
2.24999999999813,8.66025403553009
2.25124999999813,9.91444861313371
2.25249999999813,9.6592582640902
2.25374999999813,7.93353340573761
2.25499999999813,5.00000000402083
2.25624999999813,1.30526192680775
2.25749999999812,-2.58819044653476
2.25874999999812,-6.08761428639574
2.25999999999812,-8.66025403551696
2.26124999999812,-9.91444861312969
2.26249999999812,-9.659258264097
2.26374999999812,-7.93353340575359
2.26499999999812,-5.00000000404554
2.26624999999812,-1.30526192683378
2.26749999999811,2.58819044650501
2.26874999999811,6.08761428637311
2.26999999999811,8.66025403550156
2.27124999999811,9.91444861312626
2.27249999999811,9.65925826410497
2.27374999999811,7.93353340577235
2.27499999999811,5.00000000407025
2.27624999999811,1.30526192686432
2.27749999999811,-2.58819044647965
2.2787499999981,-6.08761428635048
2.2799999999981,-8.66025403548843
2.2812499999981,-9.91444861312224
2.2824999999981,-9.65925826411235
2.2837499999981,-7.93353340578833
2.2849999999981,-5.00000000409495
2.2862499999981,-1.30526192689035
2.2874999999981,2.58819044644989
2.2887499999981,6.08761428632784
2.28999999999809,8.66025403547303
2.29124999999809,9.91444861311881
2.29249999999809,9.65925826411974
2.29374999999809,7.93353340580708
2.29499999999809,5.00000000411966
2.29624999999809,1.30526192692089
2.29749999999809,-2.58819044642453
2.29874999999809,-6.08761428630521
2.29999999999809,-8.6602540354599
2.30124999999808,-9.91444861311479
2.30249999999808,-9.65925826412712
2.30374999999808,-7.93353340582307
2.30499999999808,-5.00000000414634
2.30624999999808,-1.30526192694693
2.30749999999808,2.58819044639478
2.30874999999808,6.08761428628257
2.30999999999808,8.6602540354445
2.31124999999808,9.91444861311136
2.31249999999807,9.65925826413451
2.31374999999807,7.93353340584182
2.31499999999807,5.00000000416908
2.31624999999807,1.30526192697747
2.31749999999807,-2.58819044636942
2.31874999999807,-6.08761428625813
2.31999999999807,-8.66025403543137
2.32124999999807,-9.91444861310734
2.32249999999806,-9.65925826414189
2.32374999999806,-7.9335334058578
2.32499999999806,-5.00000000419575
2.32624999999806,-1.3052619270035
2.32749999999806,2.58819044633966
2.32874999999806,6.08761428623731
2.32999999999806,8.66025403541597
2.33124999999806,9.91444861310392
2.33249999999806,9.65925826414986
2.33374999999805,7.93353340587378
2.33499999999805,5.00000000421849
2.33624999999805,1.30526192703404
2.33749999999805,-2.5881904463143
2.33874999999805,-6.08761428621287
2.33999999999805,-8.66025403540285
2.34124999999805,-9.9144486130999
2.34249999999805,-9.65925826415666
2.34374999999805,-7.93353340589254
2.34499999999804,-5.00000000424517
2.34624999999804,-1.30526192706232
2.34749999999804,2.58819044628455
2.34874999999804,6.08761428619204
2.34999999999804,8.66025403538744
2.35124999999804,9.91444861309647
2.35249999999804,9.65925826416463
2.35374999999804,7.93353340590852
2.35499999999804,5.00000000426791
2.35624999999803,1.30526192709061
2.35749999999803,-2.58819044625919
2.35874999999803,-6.0876142861676
2.35999999999803,-8.66025403537318
2.36124999999803,-9.91444861309245
2.36249999999803,-9.65925826417143
2.36374999999803,-7.93353340592727
2.36499999999803,-5.00000000429458
2.36624999999803,-1.30526192711889
2.36749999999802,2.58819044622943
2.36874999999802,6.08761428614677
2.36999999999802,8.66025403535891
2.37124999999802,9.91444861308902
2.37249999999802,9.6592582641794
2.37374999999802,7.93353340594464
2.37499999999802,5.00000000431732
2.37624999999802,1.30526192714718
2.37749999999801,-2.58819044620407
2.37874999999801,-6.08761428612233
2.37999999999801,-8.66025403534465
2.38124999999801,-9.914448613085
2.38249999999801,-9.65925826418619
2.38374999999801,-7.93353340596201
2.38499999999801,-5.000000004344
2.38624999999801,-1.30526192717546
2.38749999999801,2.58819044617432
2.388749999998,6.0876142861015
2.389999999998,8.66025403533038
2.391249999998,9.91444861308158
2.392499999998,9.65925826419417
2.393749999998,7.93353340597938
2.394999999998,5.00000000436673
2.396249999998,1.30526192720375
2.397499999998,-2.58819044614896
2.398749999998,-6.08761428607706
2.39999999999799,-8.66025403531612
2.40124999999799,-9.91444861307756
2.40249999999799,-9.65925826420096
2.40374999999799,-7.93353340599674
2.40499999999799,-5.00000000439341
2.40624999999799,-1.30526192723203
2.40749999999799,2.5881904461192
2.40874999999799,6.08761428605623
2.40999999999799,8.66025403530185
2.41124999999798,9.91444861307413
2.41249999999798,9.65925826420894
2.41374999999798,7.93353340601411
2.41499999999798,5.00000000441615
2.41624999999798,1.30526192726032
2.41749999999798,-2.58819044609384
2.41874999999798,-6.0876142860318
2.41999999999798,-8.66025403528759
2.42124999999798,-9.91444861307011
2.42249999999797,-9.65925826421573
2.42374999999797,-7.93353340603148
2.42499999999797,-5.00000000443889
2.42624999999797,-1.3052619272886
2.42749999999797,2.58819044606409
2.42874999999797,6.08761428601096
2.42999999999797,8.66025403527333
2.43124999999797,9.91444861306668
2.43249999999796,9.6592582642237
2.43374999999796,7.93353340604884
2.43499999999796,5.00000000446556
2.43624999999796,1.30526192731914
2.43749999999796,-2.58819044603873
2.43874999999796,-6.08761428598653
2.43999999999796,-8.66025403525906
2.44124999999796,-9.91444861306266
2.44249999999796,-9.6592582642305
2.44374999999795,-7.93353340606621
2.44499999999795,-5.0000000044883
2.44624999999795,-1.30526192734518
2.44749999999795,2.58819044600897
2.44874999999795,6.0876142859657
2.44999999999795,8.66025403524366
2.45124999999795,9.91444861305923
2.45249999999795,9.65925826423847
2.45374999999795,7.93353340608358
2.45499999999794,5.00000000451498
2.45624999999794,1.30526192737572
2.45749999999794,-2.58819044598361
2.45874999999794,-6.08761428594126
2.45999999999794,-8.66025403523053
2.46124999999794,-9.91444861305521
2.46249999999794,-9.65925826424527
2.46374999999794,-7.93353340610233
2.46499999999794,-5.00000000453772
2.46624999999793,-1.30526192740175
2.46749999999793,2.58819044595386
2.46874999999793,6.08761428592043
2.46999999999793,8.66025403521513
2.47124999999793,9.91444861305178
2.47249999999793,9.65925826425324
2.47374999999793,7.93353340611832
2.47499999999793,5.00000000456439
2.47624999999793,1.30526192743229
2.47749999999792,-2.5881904459263
2.47874999999792,-6.08761428589599
2.47999999999792,-8.660254035202
2.48124999999792,-9.91444861304776
2.48249999999792,-9.65925826426003
2.48374999999792,-7.93353340613707
2.48499999999792,-5.00000000458713
2.48624999999792,-1.30526192745832
2.48749999999791,2.58819044589874
2.48874999999791,6.08761428587516
2.48999999999791,8.6602540351866
2.49124999999791,9.91444861304404
2.49249999999791,9.65925826426801
2.49374999999791,7.93353340615305
2.49499999999791,5.00000000461381
2.49624999999791,1.30526192748435
2.49749999999791,-2.58819044587119
2.4987499999979,-6.08761428585072
2.4999999999979,-8.66025403517347
2.5012499999979,-9.91444861304032
2.5024999999979,-9.6592582642748
2.5037499999979,-7.9335334061718
2.5049999999979,-5.00000000463852
2.5062499999979,-1.30526192751489
2.5074999999979,2.58819044584363
2.5087499999979,6.08761428582989
2.50999999999789,8.66025403515807
2.51124999999789,9.91444861303659
2.51249999999789,9.65925826428277
2.51374999999789,7.93353340618779
2.51499999999789,5.00000000466322
2.51624999999789,1.30526192754092
2.51749999999789,-2.58819044581607
2.51874999999789,-6.08761428580546
2.51999999999789,-8.66025403514494
2.52124999999788,-9.91444861303287
2.52249999999788,-9.65925826428957
2.52374999999788,-7.93353340620654
2.52499999999788,-5.00000000468793
2.52624999999788,-1.30526192757146
2.52749999999788,2.58819044578632
2.52874999999788,6.08761428578463
2.52999999999788,8.66025403512954
2.53124999999788,9.91444861302914
2.53249999999787,9.65925826429754
2.53374999999787,7.93353340622252
2.53499999999787,5.00000000471264
2.53624999999787,1.30526192759749
2.53749999999787,-2.58819044576096
2.53874999999787,-6.08761428576019
2.53999999999787,-8.66025403511641
2.54124999999787,-9.91444861302512
2.54249999999786,-9.65925826430434
2.54374999999786,-7.93353340624127
2.54499999999786,-5.00000000473734
2.54624999999786,-1.30526192762803
2.54749999999786,2.5881904457312
2.54874999999786,6.08761428573936
2.54999999999786,8.66025403510101
2.55124999999786,9.9144486130217
2.55249999999786,9.65925826431231
2.55374999999785,7.93353340625726
2.55499999999785,5.00000000476402
